<?xml version="1.0" encoding="utf-8"?>
<!-- File generated from: /home/runner/work/GoldHEN_Patch_Repository/GoldHEN_Patch_Repository/patches/xml/ResidentEvil3-Orbis.xml @ 2024-01-12 16:21:43 Friday (UTC +0000) -->
<Patch>
    <TitleID>
        <ID>CUSA14168</ID>
    </TitleID>
    <Metadata Title="Resident Evil 3"
              Name="Resolution Patch (720p for Base, 1080p for Pro)"
              Author="illusion"
              PatchVer="1.0"
              AppVer="01.05"
              AppElf="eboot.bin">
        <PatchList>
            <Line Type="bytes32" Address="0x0349c9fc" Value="0x3f2b851f"/>
        </PatchList>
    </Metadata>
</Patch>
