<?xml version="1.0" encoding="utf-8"?>
<!-- File generated from: /home/runner/work/GoldHEN_Patch_Repository/GoldHEN_Patch_Repository/patches/xml/DaysGone-Orbis.xml @ 2024-01-12 16:21:43 Friday (UTC +0000) -->
<Patch>
    <TitleID>
        <ID>CUSA08966</ID>
        <ID>CUSA09115</ID>
        <ID>CUSA09175</ID>
        <ID>CUSA09176</ID>
    </TitleID>
    <Metadata Title="Days Gone"
              Name="60 FPS Unlock"
              Author="illusion"
              PatchVer="1.0"
              AppVer="01.81"
              AppElf="eboot.bin">
        <PatchList>
            <Line Type="bytes32" Address="0x0620e3d0" Value="0x00000001"/>
            <Line Type="bytes" Address="0x02c62d2b" Value="89059fb65a03"/>
        </PatchList>
    </Metadata>
    <Metadata Title="Days Gone"
              Name="Resolution Patch (720p for Base)"
              Author="illusion"
              PatchVer="1.0"
              AppVer="01.81"
              AppElf="eboot.bin">
        <PatchList>
            <Line Type="bytes32" Address="0x04dc7e38" Value="0x00000500"/>
            <Line Type="bytes32" Address="0x04dc7e3c" Value="0x000002d0"/>
        </PatchList>
    </Metadata>
    <Metadata Title="Days Gone"
              Name="Resolution Patch (1080p for Pro)"
              Author="illusion"
              PatchVer="1.0"
              AppVer="01.81"
              AppElf="eboot.bin">
        <PatchList>
            <Line Type="bytes32" Address="0x0270fff1" Value="0x00000780"/>
            <Line Type="bytes32" Address="0x0270fff5" Value="0x00000438"/>
        </PatchList>
    </Metadata>
</Patch>
