<?xml version="1.0" encoding="utf-8"?>
<!-- File generated from: /home/runner/work/GoldHEN_Patch_Repository/GoldHEN_Patch_Repository/patches/xml/HorizonZeroDawn-Orbis.xml @ 2024-01-12 16:21:43 Friday (UTC +0000) -->
<Patch>
    <TitleID>
        <ID>CUSA01021</ID>
        <ID>CUSA01967</ID>
        <ID>CUSA05661</ID>
        <ID>CUSA05682</ID>
        <ID>CUSA07319</ID>
        <ID>CUSA07320</ID>
        <ID>CUSA07326</ID>
        <ID>CUSA07350</ID>
        <ID>CUSA07762</ID>
        <ID>CUSA07798</ID>
        <ID>CUSA10211</ID>
        <ID>CUSA10212</ID>
        <ID>CUSA10213</ID>
        <ID>CUSA10218</ID>
        <ID>CUSA10234</ID>
        <ID>CUSA10237</ID>
    </TitleID>
    <Metadata Title="Horizon Zero Dawn"
              Name="60 FPS Unlock"
              Author="illusion"
              PatchVer="1.0"
              AppVer="01.52"
              AppElf="eboot.bin">
        <PatchList>
            <Line Type="byte" Address="0x00521afb" Value="0x84"/>
        </PatchList>
    </Metadata>
    <Metadata Title="Horizon Zero Dawn"
              Name="Resolution Patch (720p for Base)"
              Author="illusion"
              PatchVer="1.0"
              AppVer="01.52"
              AppElf="eboot.bin">
        <PatchList>
            <Line Type="bytes32" Address="0x02070e20" Value="0x00000500"/>
            <Line Type="bytes32" Address="0x02070e24" Value="0x000002d0"/>
        </PatchList>
    </Metadata>
    <Metadata Title="Horizon Zero Dawn"
              Name="60 FPS Unlock"
              Author="illusion"
              PatchVer="1.0"
              AppVer="01.54"
              AppElf="eboot.bin">
        <PatchList>
            <Line Type="bytes" Address="0x00522e95" Value="31f6"/>
        </PatchList>
    </Metadata>
</Patch>
