<?xml version="1.0" encoding="utf-8"?>
<!-- File generated from: /home/runner/work/GoldHEN_Patch_Repository/GoldHEN_Patch_Repository/patches/xml/BatmanArkhamKnight-Orbis.xml @ 2024-01-12 16:21:43 Friday (UTC +0000) -->
<Patch>
    <TitleID>
        <ID>CUSA00133</ID>
        <ID>CUSA00135</ID>
        <ID>CUSA01009</ID>
    </TitleID>
    <Metadata Title="Batman: Arkham Knight"
              Name="60 FPS Unlock"
              Author="illusion"
              PatchVer="1.0"
              AppVer="01.14"
              AppElf="eboot.bin">
        <PatchList>
            <Line Type="bytes" Address="0x00a12abe" Value="be00000000"/>
            <Line Type="bytes" Address="0x00a13ca6" Value="41bc04000000"/>
            <Line Type="bytes" Address="0x00a13f21" Value="0f85a9000000"/>
        </PatchList>
    </Metadata>
    <Metadata Title="Batman: Arkham Knight"
              Name="Resolution Patch (720p)"
              Author="illusion"
              PatchVer="1.0"
              AppVer="01.14"
              AppElf="eboot.bin">
        <PatchList>
            <Line Type="bytes32" Address="0x02b04014" Value="0x00000500"/>
            <Line Type="bytes32" Address="0x02b04018" Value="0x000002d0"/>
        </PatchList>
    </Metadata>
    <Metadata Title="Batman: Arkham Knight"
              Name="60 FPS Unlock"
              Author="illusion"
              PatchVer="1.0"
              AppVer="01.15"
              AppElf="eboot.bin">
        <PatchList>
            <Line Type="bytes" Address="0x009fa57e" Value="be00000000"/>
            <Line Type="bytes" Address="0x009fb766" Value="41bc04000000"/>
            <Line Type="bytes" Address="0x009fb9e1" Value="0f85a9000000"/>
        </PatchList>
    </Metadata>
    <Metadata Title="Batman: Arkham Knight"
              Name="Resolution Patch (720p)"
              Author="illusion"
              PatchVer="1.0"
              AppVer="01.15"
              AppElf="eboot.bin">
        <PatchList>
            <Line Type="bytes32" Address="0x02b04014" Value="0x00000500"/>
            <Line Type="bytes32" Address="0x02b04018" Value="0x000002d0"/>
        </PatchList>
    </Metadata>
</Patch>
