<?xml version="1.0" encoding="utf-8"?>
<!-- File generated from: /home/runner/work/GoldHEN_Patch_Repository/GoldHEN_Patch_Repository/patches/xml/CrashTeamRacingEU-Orbis.xml @ 2024-01-12 16:21:43 Friday (UTC +0000) -->
<Patch>
    <TitleID>
        <ID>CUSA14876</ID>
    </TitleID>
    <Metadata Title="Crash Team Racing Nitro-Fueled"
              Name="60 FPS Unlock"
              Note="Version 2.0 now removes double buffer vsync."
              Author="illusion"
              PatchVer="2.0"
              AppVer="01.21"
              AppElf="eboot.bin">
        <PatchList>
            <Line Type="bytes" Address="0x017a9d80" Value="41899688040000"/>
        </PatchList>
    </Metadata>
    <Metadata Title="Crash Team Racing Nitro-Fueled"
              Name="Disable Motion Blur"
              Author="illusion"
              PatchVer="1.0"
              AppVer="01.21"
              AppElf="eboot.bin">
        <PatchList>
            <Line Type="bytes" Address="0x00ef0f52" Value="9090909090"/>
        </PatchList>
    </Metadata>
</Patch>
