<?xml version="1.0" encoding="utf-8"?>
<!-- File generated from: /home/runner/work/GoldHEN_Patch_Repository/GoldHEN_Patch_Repository/patches/xml/LostJudgmentJP-orbis.xml @ 2024-01-12 16:21:43 Friday (UTC +0000) -->
<Patch>
    <TitleID>
        <ID>CUSA28183</ID>
    </TitleID>
    <Metadata Title="Lost Judgment"
              Name="60 FPS"
              Author="illusion"
              PatchVer="1.0"
              AppVer="01.11"
              AppElf="eboot.bin">
        <PatchList>
            <Line Type="bytes" Address="0x01f9dca9" Value="be00000000"/>
        </PatchList>
    </Metadata>
    <Metadata Title="Lost Judgment"
              Name="Virtua Fighter 5 Unlocker"
              Note="Turns 'Virtua Fighter 5: Final Showdown' in Club SEGA into full game!\nMore details: https://cookieplmonster.github.io/2021/04/19/virtua-fighter-5-final-showdown-unlocker/"
              Author="Silent, illusion"
              PatchVer="1.0"
              AppVer="01.11"
              AppElf="eboot.bin">
        <PatchList>
            <Line Type="bytes16" Address="0x01c63304" Value="0x0000"/>
        </PatchList>
    </Metadata>
</Patch>
