<?xml version="1.0" encoding="utf-8"?>
<!-- File generated from: /home/runner/work/GoldHEN_Patch_Repository/GoldHEN_Patch_Repository/patches/xml/LifeIsStrange-BeforeTheStorm-Orbis.xml @ 2024-01-12 16:21:43 Friday (UTC +0000) -->
<Patch>
    <TitleID>
        <ID>CUSA08479</ID>
        <ID>CUSA08487</ID>
    </TitleID>
    <Metadata Title="Life is Strange: Before the Storm"
              Name="60 FPS"
              Author="illusion"
              PatchVer="1.0"
              AppVer="01.05"
              AppElf="eboot.bin">
        <PatchList>
            <Line Type="bytes" Address="0x01253daa" Value="31f69090"/>
        </PatchList>
    </Metadata>
</Patch>
