<?xml version="1.0" encoding="utf-8"?>
<!-- File generated from: /home/runner/work/GoldHEN_Patch_Repository/GoldHEN_Patch_Repository/patches/xml/TheLastOfUs1-Orbis.xml @ 2024-01-12 16:21:43 Friday (UTC +0000) -->
<Patch>
    <TitleID>
        <ID>CUSA00552</ID>
        <ID>CUSA00556</ID>
        <ID>CUSA00557</ID>
        <ID>CUSA00559</ID>
    </TitleID>
    <Metadata Title="The Last of Us: Remastered"
              Name="Improved Loading Times"
              Author="illusion"
              PatchVer="1.0"
              AppVer="01.00"
              AppElf="eboot.bin">
        <PatchList>
            <Line Type="bytes" Address="0x013302c8" Value="48e8f4000000"/>
            <Line Type="bytes" Address="0x013302ce" Value="90"/>
            <Line Type="bytes" Address="0x013303c2" Value="c680d506000000"/>
            <Line Type="bytes" Address="0x013303c9" Value="c6403001"/>
            <Line Type="bytes" Address="0x013303cd" Value="c3"/>
        </PatchList>
    </Metadata>
    <Metadata Title="The Last of Us: Remastered"
              Name="Infected's Severed Head Crash Bug Fix"
              Author="illusion, ZEROx"
              PatchVer="1.0"
              AppVer="01.00"
              AppElf="eboot.bin">
        <PatchList>
            <Line Type="bytes" Address="0x0095a067" Value="e810465000"/>
            <Line Type="bytes" Address="0x0095a06c" Value="90"/>
            <Line Type="bytes" Address="0x0095a06d" Value="90"/>
            <Line Type="bytes" Address="0x0095a06e" Value="90"/>
            <Line Type="bytes" Address="0x0095a06f" Value="90"/>
            <Line Type="bytes" Address="0x0095a070" Value="90"/>
            <Line Type="bytes" Address="0x0095a071" Value="90"/>
            <Line Type="bytes" Address="0x00e5e67c" Value="488985d0f3ffff"/>
            <Line Type="bytes" Address="0x00e5e683" Value="4883fb00"/>
            <Line Type="bytes" Address="0x00e5e687" Value="0f8404000000"/>
            <Line Type="bytes" Address="0x00e5e68d" Value="488b4340"/>
            <Line Type="bytes" Address="0x00e5e691" Value="c3"/>
        </PatchList>
    </Metadata>
    <Metadata Title="The Last of Us: Remastered"
              Name="Enable Dev Menu"
              Author="illusion"
              PatchVer="1.0"
              AppVer="01.00"
              AppElf="eboot.bin">
        <PatchList>
            <Line Type="byte" Address="0x00401c79" Value="0x01"/>
            <Line Type="bytes16" Address="0x00a92c41" Value="0x2e85"/>
            <Line Type="bytes" Address="0x00404649" Value="4831c0"/>
            <Line Type="bytes" Address="0x0082dec6" Value="488b3553854601"/>
            <Line Type="bytes" Address="0x0082de79" Value="e8f85dca00"/>
            <Line Type="bytes" Address="0x0082df5f" Value="488b3dba844601"/>
            <Line Type="bytes" Address="0x014d3c76" Value="be0100000048893d9e277c00c6059f277c0001c3"/>
            <Line Type="bytes" Address="0x0082dd39" Value="48e84b5fca0090"/>
            <Line Type="bytes" Address="0x014d3c8a" Value="48830596277c0020488d35bf4b3d0048033588277c00c3"/>
            <Line Type="utf8" Address="0x018a8878" Value="shiv                           "/>
            <Line Type="utf8" Address="0x018a8898" Value="pistol-uber-t1                 "/>
            <Line Type="utf8" Address="0x018a88b8" Value="rifle-improvised-fullauto      "/>
            <Line Type="utf8" Address="0x018a88d8" Value="super-soaker                   "/>
            <Line Type="utf8" Address="0x018a88f8" Value="NO_ART_GROUP                   "/>
            <Line Type="utf8" Address="0x018a8918" Value="nail-bomb                      "/>
            <Line Type="utf8" Address="0x018a8938" Value="two-by-four                    "/>
            <Line Type="utf8" Address="0x018a8958" Value="nail-bomb                      "/>
            <Line Type="utf8" Address="0x018a8978" Value="turret-sniper                  "/>
            <Line Type="utf8" Address="0x018a8998" Value="pistol-uber-t1                 "/>
            <Line Type="utf8" Address="0x018a89b8" Value="shiv                           "/>
            <Line Type="utf8" Address="0x018a89d8" Value="radio                          "/>
            <Line Type="utf8" Address="0x018a89f8" Value="molotov                        "/>
            <Line Type="utf8" Address="0x018a8a18" Value="bandage-apply                  "/>
            <Line Type="utf8" Address="0x018a8a38" Value="mp-parcel                      "/>
            <Line Type="utf8" Address="0x018a8a58" Value="gren-launcher-improvised       "/>
            <Line Type="utf8" Address="0x018a8a78" Value="shotgun-dbl-barrel             "/>
            <Line Type="utf8" Address="0x018a8a98" Value="machete-blade                  "/>
            <Line Type="utf8" Address="0x018a8ab8" Value="bow-dark                       "/>
            <Line Type="utf8" Address="0x018a8ad8" Value="rifle-variable                 "/>
            <Line Type="utf8" Address="0x018a8af8" Value="mini-14-rifle                  "/>
            <Line Type="utf8" Address="0x018a8b18" Value="two-by-four                    "/>
            <Line Type="utf8" Address="0x018a8b38" Value="NO_ART_GROUP                   "/>
            <Line Type="utf8" Address="0x018a8b58" Value="pistol-shotgun                 "/>
            <Line Type="utf8" Address="0x018a8b78" Value="flamethrower                   "/>
            <Line Type="utf8" Address="0x018a8b98" Value="desert-eagle-t1                "/>
            <Line Type="utf8" Address="0x018a8bb8" Value="beer-bottle                    "/>
            <Line Type="utf8" Address="0x018a8bd8" Value="lead-pipe                      "/>
            <Line Type="utf8" Address="0x018a8bf8" Value="lead-pipe                      "/>
            <Line Type="utf8" Address="0x018a8c18" Value="flashlight                     "/>
            <Line Type="utf8" Address="0x018a8c38" Value="rifle-sniper                   "/>
            <Line Type="utf8" Address="0x018a8c58" Value="m4-rifle-t1                    "/>
            <Line Type="utf8" Address="0x018a8c78" Value="smoke-bomb                     "/>
            <Line Type="utf8" Address="0x018a8c98" Value="throw-brick                    "/>
            <Line Type="utf8" Address="0x018a8cb8" Value="shotgun-pump-stock             "/>
            <Line Type="utf8" Address="0x018a8cd8" Value="silenced-galil-rifle           "/>
            <Line Type="utf8" Address="0x018a8cf8" Value="NO_ART_GROUP                   "/>
            <Line Type="utf8" Address="0x018a8d18" Value="bloater-pustule                "/>
            <Line Type="utf8" Address="0x018a8d38" Value="taurus-66b4-revolver           "/>
            <Line Type="utf8" Address="0x018a8d58" Value="nail-bomb                      "/>
            <Line Type="utf8" Address="0x018a8d78" Value="rifle-improvised-assault       "/>
            <Line Type="utf8" Address="0x018a8d98" Value="throwing-knife                 "/>
            <Line Type="utf8" Address="0x018a8db8" Value="rifle-bolt                     "/>
            <Line Type="utf8" Address="0x018a8dd8" Value="beretta-jaguar-pistol          "/>
            <Line Type="utf8" Address="0x018a8df8" Value="bow                            "/>
            <Line Type="utf8" Address="0x018a8e18" Value="molotov                        "/>
            <Line Type="utf8" Address="0x018a8e38" Value="bill-knife                     "/>
            <Line Type="utf8" Address="0x018a8e58" Value="baseball-bat                   "/>
            <Line Type="utf8" Address="0x018a8e78" Value="mini-14-rifle                  "/>
            <Line Type="utf8" Address="0x018a8e98" Value="pistol-9mm                     "/>
            <Line Type="utf8" Address="0x018a8eb8" Value="mal-gas-can                    "/>
            <Line Type="utf8" Address="0x018a8ed8" Value="machete-blade                  "/>
            <Line Type="utf8" Address="0x018a8ef8" Value="none                           "/>
            <Line Type="utf8" Address="0x018a8f18" Value="rifle-improvised-assault       "/>
            <Line Type="utf8" Address="0x018a8f38" Value="binoculars                     "/>
            <Line Type="utf8" Address="0x018a8f58" Value="switchblade                    "/>
            <Line Type="utf8" Address="0x018a8f78" Value="rifle-improvised-fullauto      "/>
            <Line Type="utf8" Address="0x018a8f98" Value="baseball-bat                   "/>
            <Line Type="utf8" Address="0x018a8fb8" Value="hatchet                        "/>
        </PatchList>
    </Metadata>
    <Metadata Title="The Last of Us: Remastered"
              Name="Restore Full Rendering Menu"
              Author="illusion"
              PatchVer="1.0"
              AppVer="01.00"
              AppElf="eboot.bin">
        <PatchList>
            <Line Type="bytes" Address="0x0045f63c" Value="e8ef246d00"/>
            <Line Type="bytes" Address="0x00d49d30" Value="bfb0000000"/>
            <Line Type="bytes" Address="0x00d49d35" Value="eb2f"/>
            <Line Type="bytes" Address="0x00d49f87" Value="bfb0000000"/>
            <Line Type="bytes" Address="0x00d49f8c" Value="e88fb81500"/>
            <Line Type="bytes" Address="0x00d49f91" Value="4989c6"/>
            <Line Type="bytes" Address="0x00d49f94" Value="488d359b097e00"/>
            <Line Type="bytes" Address="0x00d49f9b" Value="4c89f7"/>
            <Line Type="bytes" Address="0x00d49f9e" Value="31d2"/>
            <Line Type="bytes" Address="0x00d49fa0" Value="31c9"/>
            <Line Type="bytes" Address="0x00d49fa2" Value="e86976f4ff"/>
            <Line Type="bytes" Address="0x00d49fa7" Value="bfa0000000"/>
            <Line Type="bytes" Address="0x00d49fac" Value="e86fb81500"/>
            <Line Type="bytes" Address="0x00d49fb1" Value="4889c3"/>
            <Line Type="bytes" Address="0x00d49fb4" Value="488d358c097e00"/>
            <Line Type="bytes" Address="0x00d49fbb" Value="4889df"/>
            <Line Type="bytes" Address="0x00d49fbe" Value="4c89f2"/>
            <Line Type="bytes" Address="0x00d49fc1" Value="31c9"/>
            <Line Type="bytes" Address="0x00d49fc3" Value="4531c0"/>
            <Line Type="bytes" Address="0x00d49fc6" Value="e8256bf4ff"/>
            <Line Type="bytes" Address="0x00d49fcb" Value="4c89e7"/>
            <Line Type="bytes" Address="0x00d49fce" Value="4889de"/>
            <Line Type="bytes" Address="0x00d49fd1" Value="e8ea79f4ff"/>
            <Line Type="bytes" Address="0x00d49fd6" Value="eb2a"/>
            <Line Type="bytes" Address="0x00d49800" Value="c3"/>
        </PatchList>
    </Metadata>
    <Metadata Title="The Last of Us: Remastered"
              Name="Light Theme for Dev Menu"
              Author="illusion"
              PatchVer="1.0"
              AppVer="01.00"
              AppElf="eboot.bin">
        <PatchList>
            <Line Type="bytes" Address="0x0040d326" Value="b900000000"/>
        </PatchList>
    </Metadata>
    <Metadata Title="The Last of Us: Remastered"
              Name="Boot Logos Skip"
              Author="illusion"
              PatchVer="1.0"
              AppVer="01.00"
              AppElf="eboot.bin">
        <PatchList>
            <Line Type="bytes" Address="0x00401c22" Value="c687a534000001"/>
        </PatchList>
    </Metadata>
    <Metadata Title="The Last of Us: Remastered"
              Name="Load Unpacked Files Exclusively"
              Author="illusion"
              PatchVer="1.0"
              AppVer="01.00"
              AppElf="eboot.bin">
        <PatchList>
            <Line Type="bytes" Address="0x00a1ced0" Value="b801000000c3"/>
            <Line Type="bytes" Address="0x00a1cd00" Value="b801000000c3"/>
        </PatchList>
    </Metadata>
    <Metadata Title="The Last of Us: Remastered"
              Name="Draw Color Boarder"
              Note="Replaces 'Validate Gnm Context' Bool and Paused indicator"
              Author="illusion"
              PatchVer="1.0"
              AppVer="01.00"
              AppElf="eboot.bin">
        <PatchList>
            <!--
            Source:
            _start:
            # Start addr 0x00c94d40
            PUSH RBP
            MOV RBP,RSP
            PUSH R15
            PUSH R14
            PUSH R13
            PUSH R12
            PUSH RBX
            SUB RSP,0x78
            LEA RDI, [0x01c95f90]
            CMP byte ptr [RDI+0x7b8], 0
            JZ exit_func
            LEA RDI,[RBP + -0x88]
            MOV ESI,0x1
            XOR EDX,EDX
            CALL 0x00d1fe10 # Get window context
            vxorps XMM0,XMM0,XMM0
            vxorps XMM1,XMM1,XMM1
            vxorps XMM2,XMM2,XMM2
            vxorps XMM3,XMM3,XMM3
            # x1
            MOV R14D, 0x0
            VCVTSI2SS XMM0,XMM0,R14D
            # y1
            MOV R14D, 0x0
            VCVTSI2SS XMM1,XMM1,R14D
            # x2
            MOV R14D, 0x20
            VCVTSI2SS XMM2,XMM2,R14D
            # y2
            MOV R14D, 0x2d0
            VCVTSI2SS XMM3,XMM3,R14D
            LEA R14,[RBP + -0x88]
            MOV RDI,R14
            LEA R14, [0x01904040]
            CMP dword ptr [R14],0xf # above 16 index, reset
            JA color_default
            CMP dword ptr [R14],0x0 # check color index
            JZ color_0
            CMP dword ptr [R14],0x1
            JZ color_1
            CMP dword ptr [R14],0x2
            JZ color_2
            CMP dword ptr [R14],0x3
            JZ color_3
            CMP dword ptr [R14],0x4
            JZ color_4
            CMP dword ptr [R14],0x5
            JZ color_5
            CMP dword ptr [R14],0x6
            JZ color_6
            CMP dword ptr [R14],0x7
            JZ color_7
            CMP dword ptr [R14],0x8
            JZ color_8
            CMP dword ptr [R14],0x9
            JZ color_9
            CMP dword ptr [R14],0xa
            JZ color_10
            CMP dword ptr [R14],0xb
            JZ color_11
            CMP dword ptr [R14],0xc
            JZ color_12
            CMP dword ptr [R14],0xd
            JZ color_13
            CMP dword ptr [R14],0xe
            JZ color_14
            CMP dword ptr [R14],0xf
            JZ color_15
            color_default:
            MOV ESI, 0xFFFFFFFF # first index color
            MOV dword ptr [R14],1 # next frame, use second index
            JMP draw_bar_only_no_add
            color_0:
            MOV ESI, 0xFFFFFFFF # White
            JMP draw_bar
            color_1:
            MOV ESI, 0xFF00FF00 # Lime (Green)
            JMP draw_bar
            color_2:
            MOV ESI, 0xFFFF0000 # Blue
            JMP draw_bar
            color_3:
            MOV ESI, 0xFF0000FF # Red
            JMP draw_bar
            color_4:
            MOV ESI, 0xFF808000 # Teal
            JMP draw_bar
            color_5:
            MOV ESI, 0xFF800000 # Navy
            JMP draw_bar
            color_6:
            MOV ESI, 0xFF008000 # Green
            JMP draw_bar
            color_7:
            MOV ESI, 0xFFFFFF00 # Aqua
            JMP draw_bar
            color_8:
            MOV ESI, 0xFF000080 # Dark Green? It's dark red
            JMP draw_bar
            color_9:
            MOV ESI, 0xFFC0C0C0 # Silver
            JMP draw_bar
            color_10:
            MOV ESI, 0xFF800080 # Purple
            JMP draw_bar
            color_11:
            MOV ESI, 0xFF008080 # Olive
            JMP draw_bar
            color_12:
            MOV ESI, 0xFF808080 # Gray
            JMP draw_bar
            color_13:
            MOV ESI, 0xFFFF00FF # Fuchsia
            JMP draw_bar
            color_14:
            MOV ESI, 0xFF00FFFF # Yellow
            JMP draw_bar
            color_15:
            MOV ESI, 0xFF0080FF # Orange
            # JMP draw_bar
            draw_bar:
            ADD dword ptr [R14],1
            draw_bar_only_no_add:
            CALL 0x00d20230
            exit_func:
            ADD RSP,0x78
            POP RBX
            POP R12
            POP R13
            POP R14
            POP R15
            POP RBP
            RET
            -->
            <!-- Always Draw Paused Panel -->
            <Line Type="bytes" Address="0x00c94b8d" Value="9090"/>
            <Line Type="bytes" Address="0x00c94b95" Value="9090"/>
            <Line Type="bytes" Address="0x00c94ba9" Value="9090"/>
            <Line Type="bytes" Address="0x00c94bbc" Value="9090"/>
            <!-- Text -->
            <Line Type="utf8" Address="0x014f0942" Value="Draw Color Boarder"/>
            <!-- Draw bar -->
            <Line Type="bytes" Address="0x00c94d40" Value="55"/>
            <Line Type="bytes" Address="0x00c94d41" Value="4889e5"/>
            <Line Type="bytes" Address="0x00c94d44" Value="4157"/>
            <Line Type="bytes" Address="0x00c94d46" Value="4156"/>
            <Line Type="bytes" Address="0x00c94d48" Value="4155"/>
            <Line Type="bytes" Address="0x00c94d4a" Value="4154"/>
            <Line Type="bytes" Address="0x00c94d4c" Value="53"/>
            <Line Type="bytes" Address="0x00c94d4d" Value="4883ec78"/>
            <Line Type="bytes" Address="0x00c94d51" Value="488d3d38120001"/>
            <Line Type="bytes" Address="0x00c94d58" Value="80bfb807000000"/>
            <Line Type="bytes" Address="0x00c94d5f" Value="0f844b010000"/>
            <Line Type="bytes" Address="0x00c94d65" Value="488dbd78ffffff"/>
            <Line Type="bytes" Address="0x00c94d6c" Value="be01000000"/>
            <Line Type="bytes" Address="0x00c94d71" Value="31d2"/>
            <Line Type="bytes" Address="0x00c94d73" Value="e898b00800"/>
            <Line Type="bytes" Address="0x00c94d78" Value="c5f857c0"/>
            <Line Type="bytes" Address="0x00c94d7c" Value="c5f057c9"/>
            <Line Type="bytes" Address="0x00c94d80" Value="c5e857d2"/>
            <Line Type="bytes" Address="0x00c94d84" Value="c5e057db"/>
            <Line Type="bytes" Address="0x00c94d88" Value="41be00000000"/>
            <Line Type="bytes" Address="0x00c94d8e" Value="c4c17a2ac6"/>
            <Line Type="bytes" Address="0x00c94d93" Value="41be00000000"/>
            <Line Type="bytes" Address="0x00c94d99" Value="c4c1722ace"/>
            <Line Type="bytes" Address="0x00c94d9e" Value="41be20000000"/>
            <Line Type="bytes" Address="0x00c94da4" Value="c4c16a2ad6"/>
            <Line Type="bytes" Address="0x00c94da9" Value="41bed0020000"/>
            <Line Type="bytes" Address="0x00c94daf" Value="c4c1622ade"/>
            <Line Type="bytes" Address="0x00c94db4" Value="4c8db578ffffff"/>
            <Line Type="bytes" Address="0x00c94dbb" Value="4c89f7"/>
            <Line Type="bytes" Address="0x00c94dbe" Value="4c8d357bf2c600"/>
            <Line Type="bytes" Address="0x00c94dc5" Value="41833e0f"/>
            <Line Type="bytes" Address="0x00c94dc9" Value="7760"/>
            <Line Type="bytes" Address="0x00c94dcb" Value="41833e00"/>
            <Line Type="bytes" Address="0x00c94dcf" Value="7468"/>
            <Line Type="bytes" Address="0x00c94dd1" Value="41833e01"/>
            <Line Type="bytes" Address="0x00c94dd5" Value="7469"/>
            <Line Type="bytes" Address="0x00c94dd7" Value="41833e02"/>
            <Line Type="bytes" Address="0x00c94ddb" Value="746a"/>
            <Line Type="bytes" Address="0x00c94ddd" Value="41833e03"/>
            <Line Type="bytes" Address="0x00c94de1" Value="746b"/>
            <Line Type="bytes" Address="0x00c94de3" Value="41833e04"/>
            <Line Type="bytes" Address="0x00c94de7" Value="746c"/>
            <Line Type="bytes" Address="0x00c94de9" Value="41833e05"/>
            <Line Type="bytes" Address="0x00c94ded" Value="746d"/>
            <Line Type="bytes" Address="0x00c94def" Value="41833e06"/>
            <Line Type="bytes" Address="0x00c94df3" Value="746e"/>
            <Line Type="bytes" Address="0x00c94df5" Value="41833e07"/>
            <Line Type="bytes" Address="0x00c94df9" Value="746f"/>
            <Line Type="bytes" Address="0x00c94dfb" Value="41833e08"/>
            <Line Type="bytes" Address="0x00c94dff" Value="7470"/>
            <Line Type="bytes" Address="0x00c94e01" Value="41833e09"/>
            <Line Type="bytes" Address="0x00c94e05" Value="7471"/>
            <Line Type="bytes" Address="0x00c94e07" Value="41833e0a"/>
            <Line Type="bytes" Address="0x00c94e0b" Value="7472"/>
            <Line Type="bytes" Address="0x00c94e0d" Value="41833e0b"/>
            <Line Type="bytes" Address="0x00c94e11" Value="7473"/>
            <Line Type="bytes" Address="0x00c94e13" Value="41833e0c"/>
            <Line Type="bytes" Address="0x00c94e17" Value="7474"/>
            <Line Type="bytes" Address="0x00c94e19" Value="41833e0d"/>
            <Line Type="bytes" Address="0x00c94e1d" Value="7475"/>
            <Line Type="bytes" Address="0x00c94e1f" Value="41833e0e"/>
            <Line Type="bytes" Address="0x00c94e23" Value="7476"/>
            <Line Type="bytes" Address="0x00c94e25" Value="41833e0f"/>
            <Line Type="bytes" Address="0x00c94e29" Value="7477"/>
            <Line Type="bytes" Address="0x00c94e2b" Value="beffffffff"/>
            <Line Type="bytes" Address="0x00c94e30" Value="41c70601000000"/>
            <Line Type="bytes" Address="0x00c94e37" Value="eb72"/>
            <Line Type="bytes" Address="0x00c94e39" Value="beffffffff"/>
            <Line Type="bytes" Address="0x00c94e3e" Value="eb67"/>
            <Line Type="bytes" Address="0x00c94e40" Value="be00ff00ff"/>
            <Line Type="bytes" Address="0x00c94e45" Value="eb60"/>
            <Line Type="bytes" Address="0x00c94e47" Value="be0000ffff"/>
            <Line Type="bytes" Address="0x00c94e4c" Value="eb59"/>
            <Line Type="bytes" Address="0x00c94e4e" Value="beff0000ff"/>
            <Line Type="bytes" Address="0x00c94e53" Value="eb52"/>
            <Line Type="bytes" Address="0x00c94e55" Value="be008080ff"/>
            <Line Type="bytes" Address="0x00c94e5a" Value="eb4b"/>
            <Line Type="bytes" Address="0x00c94e5c" Value="be000080ff"/>
            <Line Type="bytes" Address="0x00c94e61" Value="eb44"/>
            <Line Type="bytes" Address="0x00c94e63" Value="be008000ff"/>
            <Line Type="bytes" Address="0x00c94e68" Value="eb3d"/>
            <Line Type="bytes" Address="0x00c94e6a" Value="be00ffffff"/>
            <Line Type="bytes" Address="0x00c94e6f" Value="eb36"/>
            <Line Type="bytes" Address="0x00c94e71" Value="be800000ff"/>
            <Line Type="bytes" Address="0x00c94e76" Value="eb2f"/>
            <Line Type="bytes" Address="0x00c94e78" Value="bec0c0c0ff"/>
            <Line Type="bytes" Address="0x00c94e7d" Value="eb28"/>
            <Line Type="bytes" Address="0x00c94e7f" Value="be800080ff"/>
            <Line Type="bytes" Address="0x00c94e84" Value="eb21"/>
            <Line Type="bytes" Address="0x00c94e86" Value="be808000ff"/>
            <Line Type="bytes" Address="0x00c94e8b" Value="eb1a"/>
            <Line Type="bytes" Address="0x00c94e8d" Value="be808080ff"/>
            <Line Type="bytes" Address="0x00c94e92" Value="eb13"/>
            <Line Type="bytes" Address="0x00c94e94" Value="beff00ffff"/>
            <Line Type="bytes" Address="0x00c94e99" Value="eb0c"/>
            <Line Type="bytes" Address="0x00c94e9b" Value="beffff00ff"/>
            <Line Type="bytes" Address="0x00c94ea0" Value="eb05"/>
            <Line Type="bytes" Address="0x00c94ea2" Value="beff8000ff"/>
            <Line Type="bytes" Address="0x00c94ea7" Value="41830601"/>
            <Line Type="bytes" Address="0x00c94eab" Value="e880b30800"/>
            <Line Type="bytes" Address="0x00c94eb0" Value="4883c478"/>
            <Line Type="bytes" Address="0x00c94eb4" Value="5b"/>
            <Line Type="bytes" Address="0x00c94eb5" Value="415c"/>
            <Line Type="bytes" Address="0x00c94eb7" Value="415d"/>
            <Line Type="bytes" Address="0x00c94eb9" Value="415e"/>
            <Line Type="bytes" Address="0x00c94ebb" Value="415f"/>
            <Line Type="bytes" Address="0x00c94ebd" Value="5d"/>
            <Line Type="bytes" Address="0x00c94ebe" Value="c3"/>
        </PatchList>
    </Metadata>
    <Metadata Title="The Last of Us: Remastered"
              Name="Boot Logos Skip"
              Author="illusion"
              PatchVer="1.0"
              AppVer="01.11"
              AppElf="eboot.bin">
        <PatchList>
            <Line Type="bytes" Address="0x0040214a" Value="c687e534000001"/>
        </PatchList>
    </Metadata>
    <Metadata Title="The Last of Us: Remastered"
              Name="Infected's Severed Head Crash Bug Fix"
              Author="illusion, ZEROx"
              PatchVer="1.0"
              AppVer="01.11"
              AppElf="eboot.bin">
        <PatchList>
            <Line Type="bytes" Address="0x00abc859" Value="e872535600"/>
            <Line Type="bytes" Address="0x00abc85e" Value="90"/>
            <Line Type="bytes" Address="0x00abc85f" Value="90"/>
            <Line Type="bytes" Address="0x00abc860" Value="90"/>
            <Line Type="bytes" Address="0x00abc861" Value="90"/>
            <Line Type="bytes" Address="0x00abc862" Value="90"/>
            <Line Type="bytes" Address="0x00abc863" Value="90"/>
            <Line Type="bytes" Address="0x01021bd0" Value="488985e0f3ffff"/>
            <Line Type="bytes" Address="0x01021bd7" Value="4883fb00"/>
            <Line Type="bytes" Address="0x01021bdb" Value="7404"/>
            <Line Type="bytes" Address="0x01021bdd" Value="488b4340"/>
            <Line Type="bytes" Address="0x01021be1" Value="c3"/>
        </PatchList>
    </Metadata>
    <Metadata Title="The Last of Us: Remastered"
              Name="University Nailbomb Softlock Fix"
              Author="illusion, ZEROx"
              PatchVer="1.0"
              AppVer="01.11"
              AppElf="eboot.bin">
        <PatchList>
            <Line Type="bytes" Address="0x00aa27a7" Value="e9a4389dff"/>
            <Line Type="bytes" Address="0x00aa27ac" Value="90"/>
            <Line Type="bytes" Address="0x00aa27ad" Value="90"/>
            <Line Type="bytes" Address="0x00aa27ae" Value="90"/>
            <Line Type="bytes" Address="0x00aa27af" Value="90"/>
            <Line Type="bytes" Address="0x00aa27b0" Value="90"/>
            <Line Type="bytes" Address="0x00476050" Value="448905994c7a01"/>
            <Line Type="bytes" Address="0x00476057" Value="4c8d052acf5c01"/>
            <Line Type="bytes" Address="0x0047605e" Value="418138f08ebc40"/>
            <Line Type="bytes" Address="0x00476065" Value="7422"/>
            <Line Type="bytes" Address="0x00476067" Value="418138cff066a4"/>
            <Line Type="bytes" Address="0x0047606e" Value="7419"/>
            <Line Type="bytes" Address="0x00476070" Value="4181386a06b69a"/>
            <Line Type="bytes" Address="0x00476077" Value="7410"/>
            <Line Type="bytes" Address="0x00476079" Value="4181385c5d8111"/>
            <Line Type="bytes" Address="0x00476080" Value="7407"/>
            <Line Type="bytes" Address="0x00476082" Value="418138c85fd34a"/>
            <Line Type="bytes" Address="0x00476089" Value="448b05604c7a01"/>
            <Line Type="bytes" Address="0x00476090" Value="0f851bc76200"/>
            <Line Type="bytes" Address="0x00476096" Value="e91cc96200"/>
        </PatchList>
    </Metadata>
    <Metadata Title="The Last of Us: Remastered"
              Name="Enable Dev Menu"
              Author="illusion"
              PatchVer="1.0"
              AppVer="01.11"
              AppElf="eboot.bin">
        <PatchList>
            <Line Type="byte" Address="0x004021a4" Value="0x75"/>
        </PatchList>
    </Metadata>
    <Metadata Title="The Last of Us: Remastered"
              Name="Restore Full Rendering Menu"
              Author="illusion"
              PatchVer="1.0"
              AppVer="01.11"
              AppElf="eboot.bin">
        <PatchList>
            <Line Type="bytes" Address="0x0046df6c" Value="e84f6b8400"/>
            <Line Type="bytes" Address="0x00eeea79" Value="bfb0000000"/>
            <Line Type="bytes" Address="0x00eeea7e" Value="eb36"/>
            <Line Type="bytes" Address="0x00eeecd2" Value="bfb0000000"/>
            <Line Type="bytes" Address="0x00eeecd7" Value="e834231900"/>
            <Line Type="bytes" Address="0x00eeecdc" Value="4989c7"/>
            <Line Type="bytes" Address="0x00eeecdf" Value="488d35d42c6800"/>
            <Line Type="bytes" Address="0x00eeece6" Value="31d2"/>
            <Line Type="bytes" Address="0x00eeece8" Value="31c9"/>
            <Line Type="bytes" Address="0x00eeecea" Value="4c89ff"/>
            <Line Type="bytes" Address="0x00eeeced" Value="e80eecf3ff"/>
            <Line Type="bytes" Address="0x00eeecf2" Value="bfa0000000"/>
            <Line Type="bytes" Address="0x00eeecf7" Value="e814231900"/>
            <Line Type="bytes" Address="0x00eeecfc" Value="4989c4"/>
            <Line Type="bytes" Address="0x00eeecff" Value="488d35c52c6800"/>
            <Line Type="bytes" Address="0x00eeed06" Value="31c9"/>
            <Line Type="bytes" Address="0x00eeed08" Value="4531c0"/>
            <Line Type="bytes" Address="0x00eeed0b" Value="4c89fa"/>
            <Line Type="bytes" Address="0x00eeed0e" Value="4c89e7"/>
            <Line Type="bytes" Address="0x00eeed11" Value="e8aae0f3ff"/>
            <Line Type="bytes" Address="0x00eeed16" Value="4c89f3"/>
            <Line Type="bytes" Address="0x00eeed19" Value="4c89e6"/>
            <Line Type="bytes" Address="0x00eeed1c" Value="4889df"/>
            <Line Type="bytes" Address="0x00eeed1f" Value="e89ceff3ff"/>
            <Line Type="bytes" Address="0x00eeed24" Value="eb27"/>
            <Line Type="bytes" Address="0x00eee530" Value="c3"/>
        </PatchList>
    </Metadata>
    <Metadata Title="The Last of Us: Remastered"
              Name="Give Player Weapon Fix"
              Author="illusion"
              PatchVer="1.0"
              AppVer="01.11"
              AppElf="eboot.bin">
        <PatchList>
            <Line Type="bytes" Address="0x00475db0" Value="be01000000"/>
            <Line Type="bytes" Address="0x00475db5" Value="48893d597d8501"/>
            <Line Type="bytes" Address="0x00475dbc" Value="c3"/>
            <Line Type="bytes" Address="0x00475dbd" Value="488b07"/>
            <Line Type="bytes" Address="0x00475dc0" Value="488905597d8501"/>
            <Line Type="bytes" Address="0x00475dc7" Value="4831c0"/>
            <Line Type="bytes" Address="0x00475dca" Value="be01000000"/>
            <Line Type="bytes" Address="0x00475dcf" Value="c3"/>
            <Line Type="bytes" Address="0x00475dd0" Value="488305917d850120"/>
            <Line Type="bytes" Address="0x00475dd8" Value="488d3571d73d01"/>
            <Line Type="bytes" Address="0x00475ddf" Value="480335837d8501"/>
            <Line Type="bytes" Address="0x00475de6" Value="c3"/>
            <Line Type="bytes" Address="0x00919311" Value="488b35fd473b01"/>
            <Line Type="bytes" Address="0x00919392" Value="488b3d7c473b01"/>
            <Line Type="bytes" Address="0x00919189" Value="48e841ccb5ff"/>
            <Line Type="bytes" Address="0x0091918f" Value="90"/>
            <Line Type="bytes" Address="0x00919399" Value="e81fcab5ff"/>
            <Line Type="bytes" Address="0x009192c9" Value="e8e2cab5ff"/>
            <Line Type="utf8" Address="0x01853570" Value="shiv                           "/>
            <Line Type="utf8" Address="0x01853570" Value="shiv                           "/>
            <Line Type="utf8" Address="0x01853570" Value="shiv                           "/>
            <Line Type="utf8" Address="0x01853570" Value="shiv                           "/>
            <Line Type="utf8" Address="0x01853570" Value="shiv                           "/>
            <Line Type="utf8" Address="0x01853570" Value="shiv                           "/>
            <Line Type="utf8" Address="0x01853570" Value="shiv                           "/>
            <Line Type="utf8" Address="0x01853570" Value="shiv                           "/>
            <Line Type="utf8" Address="0x01853590" Value="pistol-uber-t1                 "/>
            <Line Type="utf8" Address="0x018535b0" Value="baseball-bat                   "/>
            <Line Type="utf8" Address="0x018535d0" Value="hatchet                        "/>
            <Line Type="utf8" Address="0x018535f0" Value="NO_ART_GROUP                   "/>
            <Line Type="utf8" Address="0x01853610" Value="nail-bomb                      "/>
            <Line Type="utf8" Address="0x01853630" Value="two-by-four                    "/>
            <Line Type="utf8" Address="0x01853650" Value="nail-bomb                      "/>
            <Line Type="utf8" Address="0x01853670" Value="turret-sniper                  "/>
            <Line Type="utf8" Address="0x01853690" Value="rifle-lever-action             "/>
            <Line Type="utf8" Address="0x018536b0" Value="pistol-uber-t1                 "/>
            <Line Type="utf8" Address="0x018536d0" Value="shiv                           "/>
            <Line Type="utf8" Address="0x018536f0" Value="radio                          "/>
            <Line Type="utf8" Address="0x01853710" Value="molotov                        "/>
            <Line Type="utf8" Address="0x01853730" Value="bandage-apply                  "/>
            <Line Type="utf8" Address="0x01853750" Value="mp-parcel                      "/>
            <Line Type="utf8" Address="0x01853770" Value="gren-launcher-improvised       "/>
            <Line Type="utf8" Address="0x01853790" Value="shotgun-dbl-barrel             "/>
            <Line Type="utf8" Address="0x018537b0" Value="machete-blade                  "/>
            <Line Type="utf8" Address="0x018537d0" Value="bow-dark                       "/>
            <Line Type="utf8" Address="0x018537f0" Value="rifle-variable                 "/>
            <Line Type="utf8" Address="0x01853810" Value="mini-14-rifle                  "/>
            <Line Type="utf8" Address="0x01853830" Value="two-by-four                    "/>
            <Line Type="utf8" Address="0x01853850" Value="pistol-shotgun                 "/>
            <Line Type="utf8" Address="0x01853870" Value="rifle-improvised-fullauto      "/>
            <Line Type="utf8" Address="0x01853890" Value="super-soaker                   "/>
            <Line Type="utf8" Address="0x018538b0" Value="NO_ART_GROUP                   "/>
            <Line Type="utf8" Address="0x018538d0" Value="beer-bottle                    "/>
            <Line Type="utf8" Address="0x018538f0" Value="crossbow-dlc                   "/>
            <Line Type="utf8" Address="0x01853910" Value="lead-pipe                      "/>
            <Line Type="utf8" Address="0x01853930" Value="lead-pipe                      "/>
            <Line Type="utf8" Address="0x01853950" Value="flamethrower                   "/>
            <Line Type="utf8" Address="0x01853970" Value="desert-eagle-t1                "/>
            <Line Type="utf8" Address="0x01853990" Value="flashlight                     "/>
            <Line Type="utf8" Address="0x018539b0" Value="rifle-sniper                   "/>
            <Line Type="utf8" Address="0x018539d0" Value="m4-rifle-t1                    "/>
            <Line Type="utf8" Address="0x018539f0" Value="smoke-bomb                     "/>
            <Line Type="utf8" Address="0x01853a10" Value="throw-brick                    "/>
            <Line Type="utf8" Address="0x01853a30" Value="shotgun-pump-stock             "/>
            <Line Type="utf8" Address="0x01853a50" Value="silenced-galil-rifle           "/>
            <Line Type="utf8" Address="0x01853a70" Value="NO_ART_GROUP                   "/>
            <Line Type="utf8" Address="0x01853a90" Value="bloater-pustule                "/>
            <Line Type="utf8" Address="0x01853ab0" Value="taurus-66b4-revolver           "/>
            <Line Type="utf8" Address="0x01853ad0" Value="nail-bomb                      "/>
            <Line Type="utf8" Address="0x01853af0" Value="rifle-improvised-assault       "/>
            <Line Type="utf8" Address="0x01853b10" Value="throwing-knife                 "/>
            <Line Type="utf8" Address="0x01853b30" Value="rifle-bolt                     "/>
            <Line Type="utf8" Address="0x01853b50" Value="beretta-jaguar-pistol          "/>
            <Line Type="utf8" Address="0x01853b70" Value="bow                            "/>
            <Line Type="utf8" Address="0x01853b90" Value="molotov                        "/>
            <Line Type="utf8" Address="0x01853bb0" Value="bill-knife                     "/>
            <Line Type="utf8" Address="0x01853bd0" Value="baseball-bat                   "/>
            <Line Type="utf8" Address="0x01853bf0" Value="mini-14-rifle                  "/>
            <Line Type="utf8" Address="0x01853c10" Value="pistol-glock-burst             "/>
            <Line Type="utf8" Address="0x01853c30" Value="pistol-9mm                     "/>
            <Line Type="utf8" Address="0x01853c50" Value="shotgun-tactical               "/>
            <Line Type="utf8" Address="0x01853c70" Value="mal-gas-can                    "/>
            <Line Type="utf8" Address="0x01853c90" Value="machete-blade                  "/>
            <Line Type="utf8" Address="0x01853cb0" Value="none                           "/>
            <Line Type="utf8" Address="0x01853cd0" Value="rifle-improvised-assault       "/>
            <Line Type="utf8" Address="0x01853cf0" Value="binoculars                     "/>
            <Line Type="utf8" Address="0x01853d10" Value="switchblade                    "/>
            <Line Type="utf8" Address="0x01853d30" Value="rifle-improvised-fullauto      "/>
        </PatchList>
    </Metadata>
    <Metadata Title="The Last of Us: Remastered"
              Name="Load Unpacked Files Exclusively"
              Author="illusion"
              PatchVer="1.0"
              AppVer="01.11"
              AppElf="eboot.bin">
        <PatchList>
            <Line Type="bytes" Address="0x00b91a40" Value="b801000000c3"/>
            <Line Type="bytes" Address="0x00b91c20" Value="b801000000c3"/>
        </PatchList>
    </Metadata>
    <Metadata Title="The Last of Us: Remastered"
              Name="Draw Color Boarder"
              Note="Replaces 'Validate Gnm Context' Bool and Paused indicator"
              Author="illusion"
              PatchVer="1.0"
              AppVer="01.11"
              AppElf="eboot.bin">
        <PatchList>
            <!--
            Source:
            _start:
            # Start addr 0x00c94d40
            PUSH RBP
            MOV RBP,RSP
            PUSH R15
            PUSH R14
            PUSH R13
            PUSH R12
            PUSH RBX
            SUB RSP,0x78
            LEA RDI, [0x01c1a770]
            CMP byte ptr [RDI+0x7c0], 0
            JZ exit_func
            LEA RDI,[RBP + -0x88]
            MOV ESI,0x1
            XOR EDX,EDX
            CALL 0x00ec4b90 # Get window context
            vxorps XMM0,XMM0,XMM0
            vxorps XMM1,XMM1,XMM1
            vxorps XMM2,XMM2,XMM2
            vxorps XMM3,XMM3,XMM3
            # x1
            MOV R14D, 0x0
            VCVTSI2SS XMM0,XMM0,R14D
            # y1
            MOV R14D, 0x0
            VCVTSI2SS XMM1,XMM1,R14D
            # x2
            MOV R14D, 0x20
            VCVTSI2SS XMM2,XMM2,R14D
            # y2
            MOV R14D, 0x2d0
            VCVTSI2SS XMM3,XMM3,R14D
            LEA R14,[RBP + -0x88]
            MOV RDI,R14
            LEA R14, [0x01918048]
            CMP dword ptr [R14],0xf # above 16 index, reset
            JA color_default
            CMP dword ptr [R14],0x0 # check color index
            JZ color_0
            CMP dword ptr [R14],0x1
            JZ color_1
            CMP dword ptr [R14],0x2
            JZ color_2
            CMP dword ptr [R14],0x3
            JZ color_3
            CMP dword ptr [R14],0x4
            JZ color_4
            CMP dword ptr [R14],0x5
            JZ color_5
            CMP dword ptr [R14],0x6
            JZ color_6
            CMP dword ptr [R14],0x7
            JZ color_7
            CMP dword ptr [R14],0x8
            JZ color_8
            CMP dword ptr [R14],0x9
            JZ color_9
            CMP dword ptr [R14],0xa
            JZ color_10
            CMP dword ptr [R14],0xb
            JZ color_11
            CMP dword ptr [R14],0xc
            JZ color_12
            CMP dword ptr [R14],0xd
            JZ color_13
            CMP dword ptr [R14],0xe
            JZ color_14
            CMP dword ptr [R14],0xf
            JZ color_15
            color_default:
            MOV ESI, 0xFFFFFFFF # first index color
            MOV dword ptr [R14],1 # next frame, use second index
            JMP draw_bar_only_no_add
            color_0:
            MOV ESI, 0xFFFFFFFF # White
            JMP draw_bar
            color_1:
            MOV ESI, 0xFF00FF00 # Lime (Green)
            JMP draw_bar
            color_2:
            MOV ESI, 0xFFFF0000 # Blue
            JMP draw_bar
            color_3:
            MOV ESI, 0xFF0000FF # Red
            JMP draw_bar
            color_4:
            MOV ESI, 0xFF808000 # Teal
            JMP draw_bar
            color_5:
            MOV ESI, 0xFF800000 # Navy
            JMP draw_bar
            color_6:
            MOV ESI, 0xFF008000 # Green
            JMP draw_bar
            color_7:
            MOV ESI, 0xFFFFFF00 # Aqua
            JMP draw_bar
            color_8:
            MOV ESI, 0xFF000080 # Dark Green? It's dark red
            JMP draw_bar
            color_9:
            MOV ESI, 0xFFC0C0C0 # Silver
            JMP draw_bar
            color_10:
            MOV ESI, 0xFF800080 # Purple
            JMP draw_bar
            color_11:
            MOV ESI, 0xFF008080 # Olive
            JMP draw_bar
            color_12:
            MOV ESI, 0xFF808080 # Gray
            JMP draw_bar
            color_13:
            MOV ESI, 0xFFFF00FF # Fuchsia
            JMP draw_bar
            color_14:
            MOV ESI, 0xFF00FFFF # Yellow
            JMP draw_bar
            color_15:
            MOV ESI, 0xFF0080FF # Orange
            # JMP draw_bar
            draw_bar:
            ADD dword ptr [R14],1
            draw_bar_only_no_add:
            CALL 0x00ec50e0
            exit_func:
            ADD RSP,0x78
            POP RBX
            POP R12
            POP R13
            POP R14
            POP R15
            POP RBP
            RET
            -->
            <!-- Always Draw Paused Panel -->
            <Line Type="bytes" Address="0x00e31036" Value="9090"/>
            <Line Type="bytes" Address="0x00e3103d" Value="9090"/>
            <Line Type="bytes" Address="0x00e3104a" Value="9090"/>
            <Line Type="bytes" Address="0x00e31056" Value="9090"/>
            <!-- Text -->
            <Line Type="utf8" Address="0x0153b861" Value="Draw Color Boarder"/>
            <!-- Draw Bar -->
            <Line Type="bytes" Address="0x00e311d0" Value="55"/>
            <Line Type="bytes" Address="0x00e311d1" Value="4889e5"/>
            <Line Type="bytes" Address="0x00e311d4" Value="4157"/>
            <Line Type="bytes" Address="0x00e311d6" Value="4156"/>
            <Line Type="bytes" Address="0x00e311d8" Value="4155"/>
            <Line Type="bytes" Address="0x00e311da" Value="4154"/>
            <Line Type="bytes" Address="0x00e311dc" Value="53"/>
            <Line Type="bytes" Address="0x00e311dd" Value="4883ec78"/>
            <Line Type="bytes" Address="0x00e311e1" Value="488d3d8895de00"/>
            <Line Type="bytes" Address="0x00e311e8" Value="80bfc007000000"/>
            <Line Type="bytes" Address="0x00e311ef" Value="0f844b010000"/>
            <Line Type="bytes" Address="0x00e311f5" Value="488dbd78ffffff"/>
            <Line Type="bytes" Address="0x00e311fc" Value="be01000000"/>
            <Line Type="bytes" Address="0x00e31201" Value="31d2"/>
            <Line Type="bytes" Address="0x00e31203" Value="e888390900"/>
            <Line Type="bytes" Address="0x00e31208" Value="c5f857c0"/>
            <Line Type="bytes" Address="0x00e3120c" Value="c5f057c9"/>
            <Line Type="bytes" Address="0x00e31210" Value="c5e857d2"/>
            <Line Type="bytes" Address="0x00e31214" Value="c5e057db"/>
            <Line Type="bytes" Address="0x00e31218" Value="41be00000000"/>
            <Line Type="bytes" Address="0x00e3121e" Value="c4c17a2ac6"/>
            <Line Type="bytes" Address="0x00e31223" Value="41be00000000"/>
            <Line Type="bytes" Address="0x00e31229" Value="c4c1722ace"/>
            <Line Type="bytes" Address="0x00e3122e" Value="41be20000000"/>
            <Line Type="bytes" Address="0x00e31234" Value="c4c16a2ad6"/>
            <Line Type="bytes" Address="0x00e31239" Value="41bed0020000"/>
            <Line Type="bytes" Address="0x00e3123f" Value="c4c1622ade"/>
            <Line Type="bytes" Address="0x00e31244" Value="4c8db578ffffff"/>
            <Line Type="bytes" Address="0x00e3124b" Value="4c89f7"/>
            <Line Type="bytes" Address="0x00e3124e" Value="4c8d35f36dae00"/>
            <Line Type="bytes" Address="0x00e31255" Value="41833e0f"/>
            <Line Type="bytes" Address="0x00e31259" Value="7760"/>
            <Line Type="bytes" Address="0x00e3125b" Value="41833e00"/>
            <Line Type="bytes" Address="0x00e3125f" Value="7468"/>
            <Line Type="bytes" Address="0x00e31261" Value="41833e01"/>
            <Line Type="bytes" Address="0x00e31265" Value="7469"/>
            <Line Type="bytes" Address="0x00e31267" Value="41833e02"/>
            <Line Type="bytes" Address="0x00e3126b" Value="746a"/>
            <Line Type="bytes" Address="0x00e3126d" Value="41833e03"/>
            <Line Type="bytes" Address="0x00e31271" Value="746b"/>
            <Line Type="bytes" Address="0x00e31273" Value="41833e04"/>
            <Line Type="bytes" Address="0x00e31277" Value="746c"/>
            <Line Type="bytes" Address="0x00e31279" Value="41833e05"/>
            <Line Type="bytes" Address="0x00e3127d" Value="746d"/>
            <Line Type="bytes" Address="0x00e3127f" Value="41833e06"/>
            <Line Type="bytes" Address="0x00e31283" Value="746e"/>
            <Line Type="bytes" Address="0x00e31285" Value="41833e07"/>
            <Line Type="bytes" Address="0x00e31289" Value="746f"/>
            <Line Type="bytes" Address="0x00e3128b" Value="41833e08"/>
            <Line Type="bytes" Address="0x00e3128f" Value="7470"/>
            <Line Type="bytes" Address="0x00e31291" Value="41833e09"/>
            <Line Type="bytes" Address="0x00e31295" Value="7471"/>
            <Line Type="bytes" Address="0x00e31297" Value="41833e0a"/>
            <Line Type="bytes" Address="0x00e3129b" Value="7472"/>
            <Line Type="bytes" Address="0x00e3129d" Value="41833e0b"/>
            <Line Type="bytes" Address="0x00e312a1" Value="7473"/>
            <Line Type="bytes" Address="0x00e312a3" Value="41833e0c"/>
            <Line Type="bytes" Address="0x00e312a7" Value="7474"/>
            <Line Type="bytes" Address="0x00e312a9" Value="41833e0d"/>
            <Line Type="bytes" Address="0x00e312ad" Value="7475"/>
            <Line Type="bytes" Address="0x00e312af" Value="41833e0e"/>
            <Line Type="bytes" Address="0x00e312b3" Value="7476"/>
            <Line Type="bytes" Address="0x00e312b5" Value="41833e0f"/>
            <Line Type="bytes" Address="0x00e312b9" Value="7477"/>
            <Line Type="bytes" Address="0x00e312bb" Value="beffffffff"/>
            <Line Type="bytes" Address="0x00e312c0" Value="41c70601000000"/>
            <Line Type="bytes" Address="0x00e312c7" Value="eb72"/>
            <Line Type="bytes" Address="0x00e312c9" Value="beffffffff"/>
            <Line Type="bytes" Address="0x00e312ce" Value="eb67"/>
            <Line Type="bytes" Address="0x00e312d0" Value="be00ff00ff"/>
            <Line Type="bytes" Address="0x00e312d5" Value="eb60"/>
            <Line Type="bytes" Address="0x00e312d7" Value="be0000ffff"/>
            <Line Type="bytes" Address="0x00e312dc" Value="eb59"/>
            <Line Type="bytes" Address="0x00e312de" Value="beff0000ff"/>
            <Line Type="bytes" Address="0x00e312e3" Value="eb52"/>
            <Line Type="bytes" Address="0x00e312e5" Value="be008080ff"/>
            <Line Type="bytes" Address="0x00e312ea" Value="eb4b"/>
            <Line Type="bytes" Address="0x00e312ec" Value="be000080ff"/>
            <Line Type="bytes" Address="0x00e312f1" Value="eb44"/>
            <Line Type="bytes" Address="0x00e312f3" Value="be008000ff"/>
            <Line Type="bytes" Address="0x00e312f8" Value="eb3d"/>
            <Line Type="bytes" Address="0x00e312fa" Value="be00ffffff"/>
            <Line Type="bytes" Address="0x00e312ff" Value="eb36"/>
            <Line Type="bytes" Address="0x00e31301" Value="be800000ff"/>
            <Line Type="bytes" Address="0x00e31306" Value="eb2f"/>
            <Line Type="bytes" Address="0x00e31308" Value="bec0c0c0ff"/>
            <Line Type="bytes" Address="0x00e3130d" Value="eb28"/>
            <Line Type="bytes" Address="0x00e3130f" Value="be800080ff"/>
            <Line Type="bytes" Address="0x00e31314" Value="eb21"/>
            <Line Type="bytes" Address="0x00e31316" Value="be808000ff"/>
            <Line Type="bytes" Address="0x00e3131b" Value="eb1a"/>
            <Line Type="bytes" Address="0x00e3131d" Value="be808080ff"/>
            <Line Type="bytes" Address="0x00e31322" Value="eb13"/>
            <Line Type="bytes" Address="0x00e31324" Value="beff00ffff"/>
            <Line Type="bytes" Address="0x00e31329" Value="eb0c"/>
            <Line Type="bytes" Address="0x00e3132b" Value="beffff00ff"/>
            <Line Type="bytes" Address="0x00e31330" Value="eb05"/>
            <Line Type="bytes" Address="0x00e31332" Value="beff8000ff"/>
            <Line Type="bytes" Address="0x00e31337" Value="41830601"/>
            <Line Type="bytes" Address="0x00e3133b" Value="e8a03d0900"/>
            <Line Type="bytes" Address="0x00e31340" Value="4883c478"/>
            <Line Type="bytes" Address="0x00e31344" Value="5b"/>
            <Line Type="bytes" Address="0x00e31345" Value="415c"/>
            <Line Type="bytes" Address="0x00e31347" Value="415d"/>
            <Line Type="bytes" Address="0x00e31349" Value="415e"/>
            <Line Type="bytes" Address="0x00e3134b" Value="415f"/>
            <Line Type="bytes" Address="0x00e3134d" Value="5d"/>
            <Line Type="bytes" Address="0x00e3134e" Value="c3"/>
        </PatchList>
    </Metadata>
</Patch>
