<?xml version="1.0" encoding="utf-8"?>
<!-- File generated from: /home/runner/work/GoldHEN_Patch_Repository/GoldHEN_Patch_Repository/patches/xml/WoLong-Orbis.xml @ 2024-01-12 16:21:43 Friday (UTC +0000) -->
<Patch>
    <TitleID>
        <ID>CUSA36986</ID>
        <ID>CUSA36846</ID>
    </TitleID>
    <Metadata Title="Wo Long: Fallen Dynasty"
              Name="60 FPS"
              Author="illusion"
              PatchVer="1.0"
              AppVer="01.02"
              AppElf="eboot.bin">
        <PatchList>
            <Line Type="bytes" Address="0x00a88a6a" Value="bf00000000"/> <!-- 60 FPS Gameplay -->
            <!-- <Line Type="float32" Address="0x02c1d064" Value="1.0"/> -->
            <!-- <Line Type="bytes" Address="0x019e34a2" Value="41bf3c000000"/> -->  <!-- IGC 60 FPS but double speed -->
            <!-- <Line Type="bytes" Address="0x019e34a8" Value="e94f060000"/> -->
            <!-- <Line Type="bytes" Address="0x019e3af7" Value="e9a6f9ffff"/> -->
        </PatchList>
    </Metadata>
    <Metadata Title="Wo Long: Fallen Dynasty"
              Name="60 FPS"
              Author="illusion"
              PatchVer="1.0"
              AppVer="01.04"
              AppElf="eboot.bin">
        <PatchList>
            <Line Type="bytes" Address="0x00a8ac5a" Value="bf00000000"/> <!-- 60 FPS Gameplay -->
        </PatchList>
    </Metadata>
</Patch>
